date time,wheel,vl,wheel,vr,sonar,X

2019-07-05 16:30:30.759573 ,Left,240 ,Right,315 ,s,339
2019-07-05 16:30:31.321323 ,Left,210 ,Right,300 ,s,154
2019-07-05 16:30:31.861910 ,Left,195 ,Right,420 ,s,122
2019-07-05 16:30:32.418199 ,Left,195 ,Right,135 ,s,117
2019-07-05 16:30:32.959150 ,Left,105 ,Right,345 ,s,113
2019-07-05 16:30:33.550379 ,Left,135 ,Right,330 ,s,98
2019-07-05 16:30:34.080741 ,Left,90 ,Right,225 ,s,85
2019-07-05 16:30:34.608856 ,Left,225 ,Right,90 ,s,72
2019-07-05 16:30:35.138139 ,Left,165 ,Right,195 ,s,59
2019-07-05 16:30:35.667525 ,Left,225 ,Right,75 ,s,47
2019-07-05 16:30:36.194941 ,Left,225 ,Right,585 ,s,35
2019-07-05 16:30:36.723058 ,Left,330 ,Right,630 ,s,23
2019-07-05 16:30:37.296617 ,Left,390 ,Right,135 ,s,218
2019-07-05 16:30:37.831921 ,Left,135 ,Right,375 ,s,121
2019-07-05 16:30:38.389329 ,Left,345 ,Right,675 ,s,111
2019-07-05 16:30:38.920784 ,Left,165 ,Right,150 ,s,100
2019-07-05 16:30:39.517390 ,Left,135 ,Right,255 ,s,81
2019-07-05 16:30:40.050534 ,Left,225 ,Right,345 ,s,77
2019-07-05 16:30:40.591872 ,Left,75 ,Right,75 ,s,59
2019-07-05 16:30:41.121444 ,Left,210 ,Right,375 ,s,55
2019-07-05 16:30:41.657894 ,Left,165 ,Right,360 ,s,121
2019-07-05 16:30:42.191031 ,Left,105 ,Right,165 ,s,108
2019-07-05 16:30:42.721998 ,Left,300 ,Right,450 ,s,92
2019-07-05 16:30:43.275242 ,Left,180 ,Right,165 ,s,85
2019-07-05 16:30:43.808756 ,Left,105 ,Right,105 ,s,68
2019-07-05 16:30:44.381822 ,Left,210 ,Right,165 ,s,50
2019-07-05 16:30:44.911211 ,Left,255 ,Right,540 ,s,40
2019-07-05 16:30:45.511143 ,Left,435 ,Right,600 ,s,211
2019-07-05 16:30:46.041036 ,Left,195 ,Right,105 ,s,77
2019-07-05 16:30:46.592639 ,Left,90 ,Right,165 ,s,67
2019-07-05 16:30:47.121180 ,Left,135 ,Right,420 ,s,55
2019-07-05 16:30:47.650399 ,Left,255 ,Right,105 ,s,44
2019-07-05 16:30:48.183197 ,Left,120 ,Right,690 ,s,128
2019-07-05 16:30:48.721695 ,Left,135 ,Right,120 ,s,95
2019-07-05 16:30:49.260664 ,Left,60 ,Right,90 ,s,98
2019-07-05 16:30:49.981956 ,Left,150 ,Right,150 ,s,84
2019-07-05 16:30:50.580146 ,Left,345 ,Right,315 ,s,71
2019-07-05 16:30:51.111986 ,Left,285 ,Right,225 ,s,60
2019-07-05 16:30:51.658458 ,Left,240 ,Right,180 ,s,52
2019-07-05 16:30:52.201509 ,Left,105 ,Right,135 ,s,178
2019-07-05 16:30:52.750185 ,Left,210 ,Right,195 ,s,99
2019-07-05 16:30:53.283492 ,Left,135 ,Right,150 ,s,86
2019-07-05 16:30:53.814970 ,Left,150 ,Right,135 ,s,67
2019-07-05 16:30:54.349312 ,Left,180 ,Right,210 ,s,64
2019-07-05 16:30:54.880456 ,Left,120 ,Right,195 ,s,53
2019-07-05 16:30:55.408413 ,Left,150 ,Right,240 ,s,41
2019-07-05 16:30:55.940113 ,Left,165 ,Right,450 ,s,31
2019-07-05 16:30:56.500205 ,Left,0 ,Right,270 ,s,313
2019-07-05 16:30:57.041007 ,Left,150 ,Right,570 ,s,118
2019-07-05 16:30:57.618858 ,Left,105 ,Right,405 ,s,106
2019-07-05 16:30:58.152346 ,Left,165 ,Right,135 ,s,91
2019-07-05 16:30:58.717354 ,Left,135 ,Right,270 ,s,77
2019-07-05 16:30:59.246237 ,Left,210 ,Right,585 ,s,63
2019-07-05 16:30:59.777536 ,Left,270 ,Right,105 ,s,48
2019-07-05 16:31:00.316336 ,Left,210 ,Right,465 ,s,217
2019-07-05 16:31:00.849296 ,Left,180 ,Right,645 ,s,78
2019-07-05 16:31:01.380751 ,Left,390 ,Right,90 ,s,70
2019-07-05 16:31:01.910121 ,Left,165 ,Right,555 ,s,55
2019-07-05 16:31:02.438978 ,Left,270 ,Right,765 ,s,46
2019-07-05 16:31:02.974811 ,Left,375 ,Right,120 ,s,127
2019-07-05 16:31:03.601116 ,Left,90 ,Right,330 ,s,103
2019-07-05 16:31:04.133352 ,Left,135 ,Right,135 ,s,93
2019-07-05 16:31:04.698557 ,Left,270 ,Right,195 ,s,81
2019-07-05 16:31:05.230956 ,Left,240 ,Right,510 ,s,71
2019-07-05 16:31:05.762654 ,Left,255 ,Right,225 ,s,60
2019-07-05 16:31:06.292132 ,Left,405 ,Right,420 ,s,51
2019-07-05 16:31:06.831450 ,Left,90 ,Right,525 ,s,200
2019-07-05 16:31:07.362197 ,Left,150 ,Right,255 ,s,94
2019-07-05 16:31:07.893714 ,Left,210 ,Right,540 ,s,84
2019-07-05 16:31:08.431548 ,Left,165 ,Right,75 ,s,73
2019-07-05 16:31:08.961909 ,Left,90 ,Right,255 ,s,62
2019-07-05 16:31:09.567516 ,Left,240 ,Right,675 ,s,40
2019-07-05 16:31:10.098124 ,Left,225 ,Right,165 ,s,36
2019-07-05 16:31:10.667415 ,Left,240 ,Right,90 ,s,171
2019-07-05 16:31:11.203052 ,Left,315 ,Right,495 ,s,118
2019-07-05 16:31:11.736921 ,Left,75 ,Right,150 ,s,105
2019-07-05 16:31:12.267682 ,Left,120 ,Right,420 ,s,95
2019-07-05 16:31:12.800829 ,Left,150 ,Right,60 ,s,85
2019-07-05 16:31:13.331812 ,Left,120 ,Right,300 ,s,73
2019-07-05 16:31:13.861007 ,Left,90 ,Right,225 ,s,60
2019-07-05 16:31:14.401960 ,Left,210 ,Right,60 ,s,35
2019-07-05 16:31:14.931789 ,Left,105 ,Right,705 ,s,35
2019-07-05 16:31:15.494110 ,Left,345 ,Right,630 ,s,24
2019-07-05 16:31:16.039593 ,Left,105 ,Right,150 ,s,215
2019-07-05 16:31:16.833082 ,Left,120 ,Right,90 ,s,400
2019-07-05 16:31:17.363777 ,Left,90 ,Right,435 ,s,67
2019-07-05 16:31:17.915962 ,Left,135 ,Right,135 ,s,55
2019-07-05 16:31:18.443934 ,Left,120 ,Right,510 ,s,44
2019-07-05 16:31:19.011833 ,Left,120 ,Right,135 ,s,272
2019-07-05 16:31:19.567685 ,Left,150 ,Right,465 ,s,137
2019-07-05 16:31:20.103169 ,Left,165 ,Right,375 ,s,122
2019-07-05 16:31:20.639127 ,Left,150 ,Right,90 ,s,111
2019-07-05 16:31:21.184247 ,Left,60 ,Right,480 ,s,99
2019-07-05 16:31:21.716434 ,Left,270 ,Right,75 ,s,90
2019-07-05 16:31:22.249054 ,Left,75 ,Right,255 ,s,81
2019-07-05 16:31:22.803157 ,Left,195 ,Right,120 ,s,71
2019-07-05 16:31:23.334947 ,Left,255 ,Right,360 ,s,61
2019-07-05 16:31:23.896863 ,Left,285 ,Right,150 ,s,51
2019-07-05 16:31:24.438213 ,Left,375 ,Right,420 ,s,229
2019-07-05 16:31:25.208830 ,Left,180 ,Right,450 ,s,400
2019-07-05 16:31:25.771950 ,Left,180 ,Right,180 ,s,132
2019-07-05 16:31:26.322390 ,Left,75 ,Right,465 ,s,85
2019-07-05 16:31:26.852107 ,Left,120 ,Right,90 ,s,76
2019-07-05 16:31:27.407602 ,Left,150 ,Right,360 ,s,64
2019-07-05 16:31:27.938056 ,Left,135 ,Right,510 ,s,55
2019-07-05 16:31:28.528314 ,Left,135 ,Right,135 ,s,110
2019-07-05 16:31:29.089119 ,Left,210 ,Right,600 ,s,112
2019-07-05 16:31:29.650948 ,Left,165 ,Right,180 ,s,94
2019-07-05 16:31:30.191178 ,Left,105 ,Right,240 ,s,85
2019-07-05 16:31:30.723122 ,Left,180 ,Right,120 ,s,70
2019-07-05 16:31:31.256556 ,Left,180 ,Right,600 ,s,63
2019-07-05 16:31:31.787855 ,Left,75 ,Right,660 ,s,51
2019-07-05 16:31:32.355144 ,Left,225 ,Right,165 ,s,41
2019-07-05 16:31:32.912173 ,Left,90 ,Right,420 ,s,215
2019-07-05 16:31:33.625136 ,Left,135 ,Right,60 ,s,80
2019-07-05 16:31:34.199943 ,Left,60 ,Right,75 ,s,68
2019-07-05 16:31:34.733103 ,Left,105 ,Right,585 ,s,57
2019-07-05 16:31:35.287160 ,Left,165 ,Right,150 ,s,6
2019-07-05 16:31:36.051491 ,Left,45 ,Right,75 ,s,400
2019-07-05 16:31:36.655475 ,Left,75 ,Right,405 ,s,158
2019-07-05 16:31:37.236615 ,Left,75 ,Right,60 ,s,112
2019-07-05 16:31:37.821857 ,Left,120 ,Right,90 ,s,52
2019-07-05 16:31:38.414779 ,Left,45 ,Right,120 ,s,86
2019-07-05 16:31:39.046886 ,Left,255 ,Right,120 ,s,113
2019-07-05 16:31:39.626404 ,Left,150 ,Right,735 ,s,66
2019-07-05 16:31:40.157585 ,Left,210 ,Right,195 ,s,57
2019-07-05 16:31:40.915119 ,Left,285 ,Right,465 ,s,400
2019-07-05 16:31:41.478186 ,Left,255 ,Right,540 ,s,93
2019-07-05 16:31:42.008839 ,Left,210 ,Right,90 ,s,85
2019-07-05 16:31:42.568987 ,Left,120 ,Right,360 ,s,311
2019-07-05 16:31:43.100011 ,Left,120 ,Right,120 ,s,74
2019-07-05 16:31:43.657359 ,Left,135 ,Right,390 ,s,54
2019-07-05 16:31:44.188475 ,Left,195 ,Right,210 ,s,45
2019-07-05 16:31:44.719105 ,Left,195 ,Right,660 ,s,37
2019-07-05 16:31:45.251971 ,Left,240 ,Right,645 ,s,105
2019-07-05 16:31:45.782742 ,Left,195 ,Right,120 ,s,92
2019-07-05 16:31:46.347516 ,Left,285 ,Right,120 ,s,82
2019-07-05 16:31:46.877959 ,Left,150 ,Right,90 ,s,73
2019-07-05 16:31:47.436436 ,Left,120 ,Right,540 ,s,63
2019-07-05 16:31:47.968201 ,Left,180 ,Right,120 ,s,52
2019-07-05 16:31:48.498428 ,Left,150 ,Right,345 ,s,43
2019-07-05 16:31:49.039443 ,Left,180 ,Right,150 ,s,217
2019-07-05 16:31:49.605108 ,Left,90 ,Right,780 ,s,86
2019-07-05 16:31:50.150592 ,Left,180 ,Right,120 ,s,76
2019-07-05 16:31:50.692182 ,Left,90 ,Right,90 ,s,65
2019-07-05 16:31:51.226400 ,Left,225 ,Right,735 ,s,52
2019-07-05 16:31:51.755982 ,Left,150 ,Right,75 ,s,44
2019-07-05 16:31:52.330260 ,Left,150 ,Right,480 ,s,129
2019-07-05 16:31:52.862694 ,Left,150 ,Right,525 ,s,107
2019-07-05 16:31:53.419534 ,Left,150 ,Right,90 ,s,96
2019-07-05 16:31:53.950340 ,Left,270 ,Right,360 ,s,86
2019-07-05 16:31:54.483171 ,Left,150 ,Right,60 ,s,75
2019-07-05 16:31:55.015652 ,Left,120 ,Right,300 ,s,63
2019-07-05 16:31:55.547185 ,Left,135 ,Right,60 ,s,52
2019-07-05 16:31:56.082172 ,Left,90 ,Right,195 ,s,40
2019-07-05 16:31:56.632084 ,Left,90 ,Right,120 ,s,29
2019-07-05 16:31:57.164555 ,Left,90 ,Right,90 ,s,17
2019-07-05 16:31:57.692445 ,Left,135 ,Right,660 ,s,5
2019-07-05 16:31:58.466072 ,Left,12345 ,Right,960 ,s,400
2019-07-05 16:31:58.991922 ,Left,13005 ,Right,165 ,s,4
2019-07-05 16:31:59.744405 ,Left,14025 ,Right,1185 ,s,400
2019-07-05 16:32:00.270696 ,Left,10695 ,Right,630 ,s,1
2019-07-05 16:32:01.031816 ,Left,5085 ,Right,225 ,s,400
2019-07-05 16:32:01.582307 ,Left,105 ,Right,195 ,s,5
2019-07-05 16:32:02.116656 ,Left,270 ,Right,225 ,s,107
2019-07-05 16:32:02.682897 ,Left,210 ,Right,210 ,s,278
2019-07-05 16:32:03.224098 ,Left,135 ,Right,390 ,s,102
2019-07-05 16:32:03.757652 ,Left,135 ,Right,75 ,s,90
2019-07-05 16:32:04.301432 ,Left,210 ,Right,180 ,s,76
2019-07-05 16:32:04.832770 ,Left,180 ,Right,435 ,s,65
2019-07-05 16:32:05.382489 ,Left,210 ,Right,585 ,s,136
2019-07-05 16:32:05.914297 ,Left,210 ,Right,105 ,s,111
2019-07-05 16:32:06.445514 ,Left,150 ,Right,135 ,s,99
2019-07-05 16:32:06.978227 ,Left,225 ,Right,375 ,s,86
2019-07-05 16:32:07.508866 ,Left,75 ,Right,120 ,s,73
2019-07-05 16:32:08.040827 ,Left,150 ,Right,570 ,s,61
2019-07-05 16:32:08.571929 ,Left,225 ,Right,375 ,s,50
2019-07-05 16:32:09.120995 ,Left,180 ,Right,90 ,s,221
2019-07-05 16:32:09.683299 ,Left,135 ,Right,435 ,s,40
2019-07-05 16:32:10.240783 ,Left,120 ,Right,375 ,s,64
2019-07-05 16:32:10.772502 ,Left,270 ,Right,105 ,s,51
2019-07-05 16:32:11.326731 ,Left,30 ,Right,390 ,s,39
2019-07-05 16:32:11.874282 ,Left,285 ,Right,645 ,s,329
2019-07-05 16:32:12.409224 ,Left,75 ,Right,165 ,s,113
2019-07-05 16:32:12.940132 ,Left,90 ,Right,75 ,s,91
2019-07-05 16:32:13.474187 ,Left,90 ,Right,435 ,s,89
2019-07-05 16:32:14.005504 ,Left,165 ,Right,90 ,s,77
2019-07-05 16:32:14.539412 ,Left,210 ,Right,255 ,s,68
2019-07-05 16:32:15.084008 ,Left,300 ,Right,855 ,s,51
2019-07-05 16:32:15.640475 ,Left,165 ,Right,135 ,s,41
2019-07-05 16:32:16.218577 ,Left,465 ,Right,525 ,s,220
2019-07-05 16:32:16.753720 ,Left,210 ,Right,915 ,s,104
2019-07-05 16:32:17.314788 ,Left,90 ,Right,90 ,s,93
2019-07-05 16:32:17.868818 ,Left,105 ,Right,435 ,s,81
2019-07-05 16:32:18.646466 ,Left,1155 ,Right,2745 ,s,62
2019-07-05 16:32:19.176351 ,Left,165 ,Right,135 ,s,73
2019-07-05 16:32:19.703981 ,Left,150 ,Right,240 ,s,63
2019-07-05 16:32:20.236574 ,Left,165 ,Right,135 ,s,42
2019-07-05 16:32:20.770225 ,Left,120 ,Right,705 ,s,93
2019-07-05 16:32:21.309328 ,Left,150 ,Right,315 ,s,82
2019-07-05 16:32:21.864480 ,Left,135 ,Right,135 ,s,63
2019-07-05 16:32:22.460232 ,Left,180 ,Right,645 ,s,58
2019-07-05 16:32:22.993136 ,Left,135 ,Right,150 ,s,107
2019-07-05 16:32:23.535097 ,Left,90 ,Right,90 ,s,117
2019-07-05 16:32:24.069640 ,Left,105 ,Right,135 ,s,100
2019-07-05 16:32:24.600474 ,Left,105 ,Right,60 ,s,95
2019-07-05 16:32:25.130713 ,Left,90 ,Right,240 ,s,84
2019-07-05 16:32:25.663640 ,Left,255 ,Right,495 ,s,69
2019-07-05 16:32:26.194803 ,Left,180 ,Right,105 ,s,56
2019-07-05 16:32:26.725666 ,Left,120 ,Right,495 ,s,48
2019-07-05 16:32:27.292760 ,Left,225 ,Right,570 ,s,229
2019-07-05 16:32:27.827559 ,Left,150 ,Right,75 ,s,104
2019-07-05 16:32:28.435223 ,Left,180 ,Right,285 ,s,92
2019-07-05 16:32:28.966660 ,Left,135 ,Right,255 ,s,81
2019-07-05 16:32:29.497440 ,Left,165 ,Right,105 ,s,70
2019-07-05 16:32:30.029106 ,Left,75 ,Right,540 ,s,56
2019-07-05 16:32:30.559613 ,Left,180 ,Right,135 ,s,44
2019-07-05 16:32:31.092203 ,Left,240 ,Right,225 ,s,125
2019-07-05 16:32:31.626319 ,Left,150 ,Right,435 ,s,108
2019-07-05 16:32:32.165392 ,Left,90 ,Right,120 ,s,94
2019-07-05 16:32:32.696433 ,Left,150 ,Right,405 ,s,83
2019-07-05 16:32:33.262288 ,Left,225 ,Right,585 ,s,70
2019-07-05 16:32:33.797393 ,Left,180 ,Right,105 ,s,60
2019-07-05 16:32:34.346265 ,Left,135 ,Right,210 ,s,49
2019-07-05 16:32:35.087446 ,Left,90 ,Right,420 ,s,400
2019-07-05 16:32:35.647317 ,Left,210 ,Right,345 ,s,72
2019-07-05 16:32:36.179713 ,Left,135 ,Right,75 ,s,60
2019-07-05 16:32:36.729596 ,Left,225 ,Right,450 ,s,48
2019-07-05 16:32:37.258542 ,Left,135 ,Right,150 ,s,40
2019-07-05 16:32:37.793139 ,Left,165 ,Right,135 ,s,122
2019-07-05 16:32:38.326066 ,Left,165 ,Right,675 ,s,106
2019-07-05 16:32:38.867470 ,Left,120 ,Right,90 ,s,96
2019-07-05 16:32:39.448648 ,Left,135 ,Right,570 ,s,84
2019-07-05 16:32:39.983054 ,Left,75 ,Right,210 ,s,73
2019-07-05 16:32:40.516042 ,Left,165 ,Right,105 ,s,60
2019-07-05 16:32:41.046606 ,Left,225 ,Right,495 ,s,46
2019-07-05 16:32:41.610349 ,Left,195 ,Right,570 ,s,36
2019-07-05 16:32:42.149802 ,Left,150 ,Right,135 ,s,202
2019-07-05 16:32:42.714285 ,Left,180 ,Right,675 ,s,102
2019-07-05 16:32:43.245677 ,Left,90 ,Right,510 ,s,93
2019-07-05 16:32:43.777609 ,Left,135 ,Right,105 ,s,90
2019-07-05 16:32:44.316330 ,Left,195 ,Right,315 ,s,67
2019-07-05 16:32:44.847908 ,Left,60 ,Right,75 ,s,55
2019-07-05 16:32:45.389428 ,Left,165 ,Right,225 ,s,50
2019-07-05 16:32:45.917812 ,Left,135 ,Right,465 ,s,30
2019-07-05 16:32:46.505530 ,Left,210 ,Right,375 ,s,167
2019-07-05 16:32:47.041145 ,Left,180 ,Right,150 ,s,122
2019-07-05 16:32:47.604828 ,Left,120 ,Right,375 ,s,111
2019-07-05 16:32:48.137531 ,Left,120 ,Right,435 ,s,107
2019-07-05 16:32:48.693052 ,Left,165 ,Right,75 ,s,84
2019-07-05 16:32:49.225510 ,Left,105 ,Right,225 ,s,71
2019-07-05 16:32:49.755000 ,Left,135 ,Right,465 ,s,56
2019-07-05 16:32:50.283792 ,Left,120 ,Right,135 ,s,46
2019-07-05 16:32:50.825045 ,Left,225 ,Right,555 ,s,221
2019-07-05 16:32:51.360443 ,Left,135 ,Right,75 ,s,88
2019-07-05 16:32:51.895078 ,Left,210 ,Right,525 ,s,75
2019-07-05 16:32:52.502555 ,Left,75 ,Right,510 ,s,63
2019-07-05 16:32:53.030974 ,Left,120 ,Right,135 ,s,52
2019-07-05 16:32:53.590702 ,Left,165 ,Right,75 ,s,39
2019-07-05 16:32:54.118259 ,Left,135 ,Right,285 ,s,27
2019-07-05 16:32:54.659224 ,Left,225 ,Right,405 ,s,16
2019-07-05 16:32:55.223523 ,Left,135 ,Right,120 ,s,110
2019-07-05 16:32:55.897345 ,Left,0 ,Right,855 ,s,112
2019-07-05 16:32:56.502571 ,Left,0 ,Right,120 ,s,111
2019-07-05 16:32:57.130912 ,Left,0 ,Right,585 ,s,111
2019-07-05 16:32:57.916770 ,Left,0 ,Right,150 ,s,111
2019-07-05 16:32:58.475325 ,Left,105 ,Right,150 ,s,41
2019-07-05 16:32:59.107317 ,Left,105 ,Right,150 ,s,95
2019-07-05 16:32:59.836613 ,Left,225 ,Right,105 ,s,81
2019-07-05 16:33:00.472807 ,Left,165 ,Right,105 ,s,67
2019-07-05 16:33:01.099651 ,Left,270 ,Right,120 ,s,55
2019-07-05 16:33:01.694154 ,Left,225 ,Right,975 ,s,195
2019-07-05 16:33:02.225510 ,Left,345 ,Right,195 ,s,88
2019-07-05 16:33:03.210884 ,Left,165 ,Right,135 ,s,68
2019-07-05 16:33:03.740375 ,Left,195 ,Right,315 ,s,55
2019-07-05 16:33:04.272135 ,Left,225 ,Right,765 ,s,49
2019-07-05 16:33:04.801236 ,Left,330 ,Right,135 ,s,38
2019-07-05 16:33:05.366604 ,Left,150 ,Right,150 ,s,120
2019-07-05 16:33:05.927665 ,Left,150 ,Right,465 ,s,104
2019-07-05 16:33:06.521189 ,Left,105 ,Right,195 ,s,89
2019-07-05 16:33:07.050982 ,Left,210 ,Right,180 ,s,76
2019-07-05 16:33:07.593250 ,Left,285 ,Right,645 ,s,64
2019-07-05 16:33:08.122063 ,Left,150 ,Right,165 ,s,56
2019-07-05 16:33:08.660222 ,Left,120 ,Right,405 ,s,49
2019-07-05 16:33:09.414024 ,Left,270 ,Right,645 ,s,210
2019-07-05 16:33:10.165201 ,Left,420 ,Right,810 ,s,75
2019-07-05 16:33:10.790577 ,Left,240 ,Right,510 ,s,58
2019-07-05 16:33:11.329655 ,Left,150 ,Right,90 ,s,149
2019-07-05 16:33:11.891980 ,Left,105 ,Right,450 ,s,136
2019-07-05 16:33:12.485173 ,Left,150 ,Right,600 ,s,62
2019-07-05 16:33:13.028807 ,Left,165 ,Right,90 ,s,111
2019-07-05 16:33:13.594048 ,Left,300 ,Right,720 ,s,97
2019-07-05 16:33:14.139354 ,Left,270 ,Right,135 ,s,87
2019-07-05 16:33:14.722259 ,Left,330 ,Right,225 ,s,79
2019-07-05 16:33:15.317453 ,Left,165 ,Right,885 ,s,108
2019-07-05 16:33:15.905618 ,Left,315 ,Right,135 ,s,99
2019-07-05 16:33:16.663183 ,Left,255 ,Right,135 ,s,87
2019-07-05 16:33:17.299528 ,Left,180 ,Right,150 ,s,82
2019-07-05 16:33:17.867191 ,Left,150 ,Right,285 ,s,109
2019-07-05 16:33:18.463005 ,Left,90 ,Right,90 ,s,84
2019-07-05 16:33:19.249119 ,Left,120 ,Right,90 ,s,68
2019-07-05 16:33:19.820561 ,Left,135 ,Right,540 ,s,162
2019-07-05 16:33:20.522312 ,Left,90 ,Right,495 ,s,269
2019-07-05 16:33:21.250106 ,Left,75 ,Right,105 ,s,255
2019-07-05 16:33:21.883861 ,Left,105 ,Right,105 ,s,239
2019-07-05 16:33:22.519130 ,Left,150 ,Right,540 ,s,227
2019-07-05 16:33:23.124801 ,Left,90 ,Right,540 ,s,216
2019-07-05 16:33:23.737658 ,Left,210 ,Right,135 ,s,196
2019-07-05 16:33:24.274870 ,Left,150 ,Right,375 ,s,119
2019-07-05 16:33:24.809928 ,Left,120 ,Right,300 ,s,104
2019-07-05 16:33:25.530966 ,Left,240 ,Right,270 ,s,88
2019-07-05 16:33:26.064503 ,Left,105 ,Right,90 ,s,79
2019-07-05 16:33:26.707158 ,Left,165 ,Right,285 ,s,67
2019-07-05 16:33:27.266603 ,Left,105 ,Right,105 ,s,51
2019-07-05 16:33:27.826506 ,Left,180 ,Right,555 ,s,39
2019-07-05 16:33:28.459616 ,Left,120 ,Right,585 ,s,24
2019-07-05 16:33:29.049831 ,Left,255 ,Right,195 ,s,28
2019-07-05 16:33:30.376604 ,Left,0 ,Right,105 ,s,400
2019-07-05 16:33:30.908883 ,Left,0 ,Right,75 ,s,98
2019-07-05 16:33:31.447530 ,Left,0 ,Right,120 ,s,28
2019-07-05 16:33:31.987447 ,Left,0 ,Right,165 ,s,118
2019-07-05 16:33:32.564093 ,Left,150 ,Right,450 ,s,245
2019-07-05 16:33:33.142692 ,Left,105 ,Right,135 ,s,95
2019-07-05 16:33:33.690680 ,Left,135 ,Right,495 ,s,186
2019-07-05 16:33:34.418534 ,Left,165 ,Right,315 ,s,172
2019-07-05 16:33:35.166671 ,Left,195 ,Right,435 ,s,400
2019-07-05 16:33:35.955880 ,Left,120 ,Right,210 ,s,400
2019-07-05 16:33:36.504277 ,Left,105 ,Right,75 ,s,71
2019-07-05 16:33:37.257712 ,Left,135 ,Right,75 ,s,400
2019-07-05 16:33:37.791192 ,Left,105 ,Right,360 ,s,124
2019-07-05 16:33:38.345197 ,Left,105 ,Right,450 ,s,117
2019-07-05 16:33:39.002884 ,Left,105 ,Right,75 ,s,153
2019-07-05 16:33:39.697532 ,Left,135 ,Right,90 ,s,124
2019-07-05 16:33:40.354138 ,Left,135 ,Right,150 ,s,125
2019-07-05 16:33:40.981208 ,Left,195 ,Right,300 ,s,97
2019-07-05 16:33:41.777197 ,Left,120 ,Right,105 ,s,191
2019-07-05 16:33:42.417392 ,Left,225 ,Right,165 ,s,20
2019-07-05 16:33:42.951259 ,Left,240 ,Right,705 ,s,17
2019-07-05 16:33:43.529222 ,Left,105 ,Right,165 ,s,23
2019-07-05 16:33:44.062859 ,Left,165 ,Right,165 ,s,108
2019-07-05 16:33:44.897636 ,Left,165 ,Right,180 ,s,133
2019-07-05 16:33:45.517606 ,Left,60 ,Right,180 ,s,289
2019-07-05 16:33:49.044796 ,Left,0 ,Right,15 ,s,116
2019-07-05 16:33:50.179202 ,Left,180 ,Right,345 ,s,77
2019-07-05 16:33:50.889121 ,Left,90 ,Right,240 ,s,62
2019-07-05 16:33:51.514831 ,Left,45 ,Right,150 ,s,49
2019-07-05 16:33:52.260441 ,Left,195 ,Right,165 ,s,35
2019-07-05 16:33:52.925083 ,Left,105 ,Right,630 ,s,133
2019-07-05 16:33:53.880951 ,Left,150 ,Right,300 ,s,400
2019-07-05 16:33:54.440332 ,Left,75 ,Right,150 ,s,130
2019-07-05 16:33:54.974623 ,Left,120 ,Right,105 ,s,120
2019-07-05 16:33:55.514740 ,Left,60 ,Right,315 ,s,199
2019-07-05 16:33:56.328448 ,Left,60 ,Right,240 ,s,96
2019-07-05 16:33:56.944102 ,Left,105 ,Right,90 ,s,114
2019-07-05 16:33:57.477618 ,Left,120 ,Right,330 ,s,115
2019-07-05 16:33:58.184285 ,Left,90 ,Right,285 ,s,103
2019-07-05 16:33:59.012541 ,Left,90 ,Right,330 ,s,400
2019-07-05 16:33:59.542406 ,Left,135 ,Right,60 ,s,77
2019-07-05 16:34:00.287218 ,Left,120 ,Right,465 ,s,400
2019-07-05 16:34:01.056618 ,Left,120 ,Right,360 ,s,400
2019-07-05 16:34:01.829046 ,Left,75 ,Right,240 ,s,400
2019-07-05 16:34:02.378390 ,Left,120 ,Right,60 ,s,332
2019-07-05 16:34:03.162918 ,Left,135 ,Right,120 ,s,400
2019-07-05 16:34:03.860022 ,Left,150 ,Right,345 ,s,400
2019-07-05 16:34:04.611992 ,Left,150 ,Right,450 ,s,400
2019-07-05 16:34:05.396754 ,Left,90 ,Right,150 ,s,400
2019-07-05 16:34:06.157351 ,Left,60 ,Right,90 ,s,400
2019-07-05 16:34:06.703421 ,Left,60 ,Right,405 ,s,331
2019-07-05 16:34:07.446706 ,Left,105 ,Right,300 ,s,400
2019-07-05 16:34:08.197816 ,Left,120 ,Right,315 ,s,400
2019-07-05 16:34:08.827393 ,Left,135 ,Right,75 ,s,400
2019-07-05 16:34:09.578209 ,Left,90 ,Right,135 ,s,400
2019-07-05 16:34:10.372066 ,Left,150 ,Right,105 ,s,400
2019-07-05 16:34:11.156824 ,Left,60 ,Right,225 ,s,400
2019-07-05 16:34:11.695400 ,Left,90 ,Right,240 ,s,145
2019-07-05 16:34:12.229070 ,Left,120 ,Right,75 ,s,116
2019-07-05 16:34:12.761800 ,Left,105 ,Right,315 ,s,122
2019-07-05 16:34:13.301549 ,Left,90 ,Right,90 ,s,107
2019-07-05 16:34:13.855628 ,Left,105 ,Right,210 ,s,243
2019-07-05 16:34:14.387764 ,Left,120 ,Right,60 ,s,89
2019-07-05 16:34:14.971378 ,Left,150 ,Right,75 ,s,74
2019-07-05 16:34:15.510926 ,Left,240 ,Right,150 ,s,71
2019-07-05 16:34:16.079468 ,Left,150 ,Right,90 ,s,36
2019-07-05 16:34:16.607640 ,Left,225 ,Right,465 ,s,26
2019-07-05 16:34:17.159425 ,Left,210 ,Right,750 ,s,16
2019-07-05 16:34:17.699312 ,Left,240 ,Right,105 ,s,68
2019-07-05 16:34:18.231140 ,Left,135 ,Right,495 ,s,72
2019-07-05 16:34:18.771971 ,Left,90 ,Right,390 ,s,195
2019-07-05 16:34:19.310943 ,Left,75 ,Right,120 ,s,183
2019-07-05 16:34:19.865476 ,Left,135 ,Right,345 ,s,90
2019-07-05 16:34:20.465209 ,Left,105 ,Right,120 ,s,152
2019-07-05 16:34:21.265133 ,Left,75 ,Right,375 ,s,133
2019-07-05 16:34:22.289507 ,Left,195 ,Right,345 ,s,108
2019-07-05 16:34:23.054202 ,Left,165 ,Right,285 ,s,91
2019-07-05 16:34:23.648886 ,Left,135 ,Right,60 ,s,77
2019-07-05 16:34:24.211249 ,Left,120 ,Right,270 ,s,65
2019-07-05 16:34:24.959291 ,Left,240 ,Right,390 ,s,66
2019-07-05 16:34:25.492934 ,Left,120 ,Right,60 ,s,57
2019-07-05 16:34:26.065837 ,Left,150 ,Right,570 ,s,47
2019-07-05 16:34:26.977570 ,Left,210 ,Right,765 ,s,400
2019-07-05 16:34:28.022572 ,Left,90 ,Right,105 ,s,400
2019-07-05 16:34:28.595560 ,Left,195 ,Right,315 ,s,175
2019-07-05 16:34:29.134862 ,Left,120 ,Right,240 ,s,237
2019-07-05 16:34:29.759211 ,Left,60 ,Right,75 ,s,225
2019-07-05 16:34:30.297067 ,Left,105 ,Right,330 ,s,215
2019-07-05 16:34:30.927709 ,Left,105 ,Right,360 ,s,133
2019-07-05 16:34:31.729640 ,Left,150 ,Right,150 ,s,183
2019-07-05 16:34:32.407211 ,Left,150 ,Right,75 ,s,170
2019-07-05 16:34:32.970567 ,Left,120 ,Right,210 ,s,94
2019-07-05 16:34:33.626617 ,Left,120 ,Right,660 ,s,77
2019-07-05 16:34:34.209597 ,Left,240 ,Right,120 ,s,77
2019-07-05 16:34:35.150801 ,Left,105 ,Right,90 ,s,400
2019-07-05 16:34:35.694742 ,Left,75 ,Right,195 ,s,270
2019-07-05 16:34:36.238134 ,Left,165 ,Right,270 ,s,256
2019-07-05 16:34:36.780621 ,Left,90 ,Right,105 ,s,244
2019-07-05 16:34:37.322033 ,Left,105 ,Right,225 ,s,233
2019-07-05 16:34:37.868043 ,Left,120 ,Right,225 ,s,301
2019-07-05 16:34:38.424909 ,Left,105 ,Right,75 ,s,286
2019-07-05 16:34:39.289915 ,Left,90 ,Right,75 ,s,400
2019-07-05 16:34:40.045897 ,Left,120 ,Right,270 ,s,400
2019-07-05 16:34:40.796846 ,Left,135 ,Right,105 ,s,400
2019-07-05 16:34:41.550916 ,Left,60 ,Right,180 ,s,400
2019-07-05 16:34:42.311394 ,Left,90 ,Right,150 ,s,400
2019-07-05 16:34:43.065715 ,Left,120 ,Right,75 ,s,400
2019-07-05 16:34:43.816294 ,Left,135 ,Right,105 ,s,400
2019-07-05 16:34:44.403997 ,Left,90 ,Right,150 ,s,332
2019-07-05 16:34:44.978357 ,Left,150 ,Right,255 ,s,193
2019-07-05 16:34:45.556825 ,Left,90 ,Right,90 ,s,234
2019-07-05 16:34:46.096556 ,Left,165 ,Right,150 ,s,222
2019-07-05 16:34:46.660528 ,Left,105 ,Right,135 ,s,203
2019-07-05 16:34:47.201274 ,Left,75 ,Right,120 ,s,190
2019-07-05 16:34:47.746205 ,Left,105 ,Right,195 ,s,176
2019-07-05 16:34:48.285293 ,Left,90 ,Right,90 ,s,163
2019-07-05 16:34:48.963964 ,Left,105 ,Right,75 ,s,149
2019-07-05 16:34:49.500750 ,Left,165 ,Right,90 ,s,137
2019-07-05 16:34:50.042809 ,Left,165 ,Right,165 ,s,125
2019-07-05 16:34:50.847468 ,Left,90 ,Right,75 ,s,109
2019-07-05 16:34:51.425608 ,Left,105 ,Right,75 ,s,97
2019-07-05 16:34:52.036795 ,Left,135 ,Right,195 ,s,222
2019-07-05 16:34:52.752734 ,Left,75 ,Right,225 ,s,154
2019-07-05 16:34:53.536108 ,Left,75 ,Right,255 ,s,400
2019-07-05 16:34:54.074695 ,Left,75 ,Right,75 ,s,179
2019-07-05 16:34:55.651883 ,Left,105 ,Right,60 ,s,126
2019-07-05 16:34:56.499564 ,Left,165 ,Right,75 ,s,108
2019-07-05 16:34:57.040022 ,Left,105 ,Right,105 ,s,205
2019-07-05 16:34:57.789458 ,Left,165 ,Right,210 ,s,400
2019-07-05 16:34:58.324537 ,Left,105 ,Right,90 ,s,113
2019-07-05 16:34:59.075208 ,Left,135 ,Right,90 ,s,400
2019-07-05 16:34:59.611978 ,Left,60 ,Right,180 ,s,142
2019-07-05 16:35:00.148036 ,Left,90 ,Right,90 ,s,130
2019-07-05 16:35:00.836497 ,Left,105 ,Right,75 ,s,117
2019-07-05 16:35:01.593640 ,Left,135 ,Right,90 ,s,400
2019-07-05 16:35:02.153600 ,Left,105 ,Right,225 ,s,86
2019-07-05 16:35:02.686479 ,Left,75 ,Right,60 ,s,74
2019-07-05 16:35:03.217197 ,Left,75 ,Right,210 ,s,62
2019-07-05 16:35:03.808164 ,Left,75 ,Right,105 ,s,48
2019-07-05 16:35:04.338391 ,Left,180 ,Right,90 ,s,37
2019-07-05 16:35:04.908986 ,Left,60 ,Right,480 ,s,27
2019-07-05 16:35:05.461410 ,Left,120 ,Right,405 ,s,183
2019-07-05 16:35:06.434211 ,Left,90 ,Right,120 ,s,73
2019-07-05 16:35:07.038680 ,Left,120 ,Right,75 ,s,60
2019-07-05 16:35:07.644309 ,Left,135 ,Right,150 ,s,111
2019-07-05 16:35:08.601931 ,Left,105 ,Right,315 ,s,101
2019-07-05 16:35:09.174866 ,Left,150 ,Right,240 ,s,400
2019-07-05 16:35:09.792667 ,Left,135 ,Right,165 ,s,400
2019-07-05 16:35:10.469308 ,Left,165 ,Right,75 ,s,185
2019-07-05 16:35:11.055880 ,Left,90 ,Right,120 ,s,100
2019-07-05 16:35:11.906733 ,Left,120 ,Right,90 ,s,213
2019-07-05 16:35:12.713757 ,Left,120 ,Right,165 ,s,400
2019-07-05 16:35:13.532047 ,Left,135 ,Right,90 ,s,400
2019-07-05 16:35:14.286922 ,Left,135 ,Right,255 ,s,400
2019-07-05 16:35:14.829242 ,Left,105 ,Right,105 ,s,269
2019-07-05 16:35:15.369581 ,Left,195 ,Right,210 ,s,218
2019-07-05 16:35:15.916680 ,Left,90 ,Right,90 ,s,165
2019-07-05 16:35:16.808700 ,Left,105 ,Right,105 ,s,400
2019-07-05 16:35:17.346671 ,Left,105 ,Right,165 ,s,162
2019-07-05 16:35:17.916736 ,Left,90 ,Right,165 ,s,116
2019-07-05 16:35:18.461028 ,Left,60 ,Right,60 ,s,93
2019-07-05 16:35:19.175858 ,Left,120 ,Right,60 ,s,134
2019-07-05 16:35:19.933674 ,Left,135 ,Right,165 ,s,107
2019-07-05 16:35:20.726801 ,Left,150 ,Right,300 ,s,95
2019-07-05 16:35:21.482489 ,Left,165 ,Right,60 ,s,400
2019-07-05 16:35:22.044596 ,Left,90 ,Right,60 ,s,166
2019-07-05 16:35:22.579724 ,Left,210 ,Right,435 ,s,115
2019-07-05 16:35:23.494135 ,Left,60 ,Right,210 ,s,188
2019-07-05 16:35:24.312985 ,Left,90 ,Right,90 ,s,79
2019-07-05 16:35:25.040585 ,Left,60 ,Right,60 ,s,79
2019-07-05 16:35:25.645886 ,Left,105 ,Right,330 ,s,79
2019-07-05 16:35:26.340335 ,Left,165 ,Right,165 ,s,67
2019-07-05 16:35:26.981114 ,Left,135 ,Right,225 ,s,97
2019-07-05 16:35:27.820827 ,Left,135 ,Right,345 ,s,115
2019-07-05 16:35:28.550331 ,Left,195 ,Right,255 ,s,51
2019-07-05 16:35:29.086483 ,Left,135 ,Right,75 ,s,27
2019-07-05 16:35:30.008286 ,Left,195 ,Right,255 ,s,113
2019-07-05 16:35:30.770619 ,Left,270 ,Right,210 ,s,94
2019-07-05 16:35:31.634596 ,Left,165 ,Right,165 ,s,400
2019-07-05 16:35:32.175080 ,Left,180 ,Right,105 ,s,211
2019-07-05 16:35:33.116994 ,Left,135 ,Right,315 ,s,188
2019-07-05 16:35:33.996850 ,Left,105 ,Right,270 ,s,158
2019-07-05 16:35:34.638001 ,Left,180 ,Right,255 ,s,154
2019-07-05 16:35:35.480390 ,Left,75 ,Right,315 ,s,400
2019-07-05 16:35:36.264164 ,Left,150 ,Right,180 ,s,400
2019-07-05 16:35:37.013485 ,Left,105 ,Right,270 ,s,400
2019-07-05 16:35:37.786228 ,Left,135 ,Right,150 ,s,400
2019-07-05 16:35:38.326547 ,Left,165 ,Right,225 ,s,230
2019-07-05 16:35:38.870712 ,Left,60 ,Right,225 ,s,217
2019-07-05 16:35:39.606343 ,Left,165 ,Right,135 ,s,201
2019-07-05 16:35:40.227070 ,Left,165 ,Right,165 ,s,184
2019-07-05 16:35:41.027853 ,Left,150 ,Right,120 ,s,165
2019-07-05 16:35:41.936702 ,Left,195 ,Right,180 ,s,145
2019-07-05 16:35:42.827198 ,Left,135 ,Right,435 ,s,122
2019-07-05 16:35:43.604574 ,Left,240 ,Right,285 ,s,103
2019-07-05 16:35:44.209465 ,Left,315 ,Right,180 ,s,94
2019-07-05 16:35:45.000275 ,Left,195 ,Right,420 ,s,77
2019-07-05 16:35:45.639145 ,Left,165 ,Right,135 ,s,63
2019-07-05 16:35:46.256096 ,Left,255 ,Right,1110 ,s,39
2019-07-05 16:35:47.038997 ,Left,255 ,Right,105 ,s,25
2019-07-05 16:35:47.916559 ,Left,150 ,Right,90 ,s,400
2019-07-05 16:35:48.526730 ,Left,135 ,Right,195 ,s,393
2019-07-05 16:35:49.125404 ,Left,165 ,Right,195 ,s,379
2019-07-05 16:35:49.815635 ,Left,165 ,Right,255 ,s,360
2019-07-05 16:35:50.408337 ,Left,135 ,Right,120 ,s,347
2019-07-05 16:35:51.250595 ,Left,120 ,Right,135 ,s,400
2019-07-05 16:35:51.816900 ,Left,135 ,Right,75 ,s,311
2019-07-05 16:35:52.362174 ,Left,135 ,Right,165 ,s,298
2019-07-05 16:35:52.948395 ,Left,105 ,Right,195 ,s,302
2019-07-05 16:35:53.505716 ,Left,105 ,Right,105 ,s,278
2019-07-05 16:35:54.626547 ,Left,120 ,Right,135 ,s,364
2019-07-05 16:35:55.277180 ,Left,165 ,Right,285 ,s,348
2019-07-05 16:35:56.267424 ,Left,135 ,Right,330 ,s,321
2019-07-05 16:35:56.864258 ,Left,120 ,Right,255 ,s,197
2019-07-05 16:35:57.567759 ,Left,135 ,Right,285 ,s,181
2019-07-05 16:35:58.163262 ,Left,75 ,Right,75 ,s,269
2019-07-05 16:35:58.966172 ,Left,150 ,Right,540 ,s,79
2019-07-05 16:35:59.498101 ,Left,135 ,Right,180 ,s,66
2019-07-05 16:36:00.148968 ,Left,255 ,Right,390 ,s,52
2019-07-05 16:36:01.055151 ,Left,135 ,Right,105 ,s,400
2019-07-05 16:36:01.828225 ,Left,195 ,Right,105 ,s,400
2019-07-05 16:36:02.582450 ,Left,105 ,Right,120 ,s,400
2019-07-05 16:36:03.119996 ,Left,120 ,Right,195 ,s,157
2019-07-05 16:36:03.656091 ,Left,105 ,Right,75 ,s,151
2019-07-05 16:36:04.190596 ,Left,105 ,Right,255 ,s,132
2019-07-05 16:36:04.723714 ,Left,195 ,Right,210 ,s,121
2019-07-05 16:36:05.256610 ,Left,150 ,Right,75 ,s,107
2019-07-05 16:36:05.822938 ,Left,105 ,Right,105 ,s,93
2019-07-05 16:36:06.355517 ,Left,150 ,Right,345 ,s,81
2019-07-05 16:36:06.921387 ,Left,105 ,Right,165 ,s,67
2019-07-05 16:36:07.591834 ,Left,120 ,Right,90 ,s,50
2019-07-05 16:36:08.339247 ,Left,270 ,Right,150 ,s,110
2019-07-05 16:36:09.084532 ,Left,195 ,Right,675 ,s,400
2019-07-05 16:36:09.626967 ,Left,195 ,Right,75 ,s,267
2019-07-05 16:36:10.170114 ,Left,150 ,Right,375 ,s,249
2019-07-05 16:36:10.711640 ,Left,120 ,Right,195 ,s,234
2019-07-05 16:36:11.256589 ,Left,105 ,Right,135 ,s,220
2019-07-05 16:36:12.291720 ,Left,150 ,Right,225 ,s,400
2019-07-05 16:36:13.056758 ,Left,150 ,Right,225 ,s,400
2019-07-05 16:36:13.608031 ,Left,150 ,Right,255 ,s,309
2019-07-05 16:36:14.174105 ,Left,210 ,Right,105 ,s,291
2019-07-05 16:36:14.717385 ,Left,75 ,Right,255 ,s,280
2019-07-05 16:36:15.402988 ,Left,240 ,Right,450 ,s,259
2019-07-05 16:36:16.236996 ,Left,105 ,Right,90 ,s,239
2019-07-05 16:36:16.821768 ,Left,105 ,Right,360 ,s,221
2019-07-05 16:36:17.514021 ,Left,225 ,Right,405 ,s,112
2019-07-05 16:36:18.100246 ,Left,195 ,Right,360 ,s,174
2019-07-05 16:36:18.979921 ,Left,105 ,Right,345 ,s,154
2019-07-05 16:36:19.844315 ,Left,135 ,Right,495 ,s,112
2019-07-05 16:36:20.380855 ,Left,135 ,Right,60 ,s,124
2019-07-05 16:36:21.082890 ,Left,90 ,Right,105 ,s,107
2019-07-05 16:36:21.714820 ,Left,300 ,Right,765 ,s,93
2019-07-05 16:36:22.515901 ,Left,540 ,Right,900 ,s,82
2019-07-05 16:36:23.361616 ,Left,525 ,Right,480 ,s,124
2019-07-05 16:36:24.436056 ,Left,165 ,Right,75 ,s,99
2019-07-05 16:36:24.967749 ,Left,75 ,Right,435 ,s,84
2019-07-05 16:36:25.610505 ,Left,165 ,Right,240 ,s,69
2019-07-05 16:36:26.390833 ,Left,105 ,Right,255 ,s,49
2019-07-05 16:36:27.292558 ,Left,120 ,Right,660 ,s,45
2019-07-05 16:36:27.853481 ,Left,180 ,Right,690 ,s,34
2019-07-05 16:36:29.044810 ,Left,90 ,Right,195 ,s,400
2019-07-05 16:36:29.999913 ,Left,90 ,Right,90 ,s,221
2019-07-05 16:36:30.744897 ,Left,195 ,Right,120 ,s,400
2019-07-05 16:36:31.492445 ,Left,105 ,Right,90 ,s,400
2019-07-05 16:36:32.345711 ,Left,105 ,Right,105 ,s,159
2019-07-05 16:36:32.919109 ,Left,75 ,Right,435 ,s,146
2019-07-05 16:36:33.453460 ,Left,165 ,Right,465 ,s,133
2019-07-05 16:36:34.172978 ,Left,135 ,Right,330 ,s,115
2019-07-05 16:36:34.705807 ,Left,135 ,Right,75 ,s,103
2019-07-05 16:36:35.324878 ,Left,135 ,Right,90 ,s,130
2019-07-05 16:36:36.466096 ,Left,135 ,Right,450 ,s,99
2019-07-05 16:36:37.322896 ,Left,105 ,Right,405 ,s,51
2019-07-05 16:36:37.860805 ,Left,150 ,Right,660 ,s,37
2019-07-05 16:36:38.455937 ,Left,225 ,Right,90 ,s,21
2019-07-05 16:36:39.162386 ,Left,135 ,Right,1320 ,s,342
2019-07-05 16:36:40.186751 ,Left,135 ,Right,495 ,s,400
2019-07-05 16:36:40.756816 ,Left,135 ,Right,75 ,s,241
2019-07-05 16:36:41.293674 ,Left,120 ,Right,285 ,s,170
2019-07-05 16:36:41.833971 ,Left,165 ,Right,225 ,s,156
2019-07-05 16:36:42.519540 ,Left,195 ,Right,195 ,s,120
2019-07-05 16:36:43.582254 ,Left,195 ,Right,420 ,s,95
2019-07-05 16:36:44.376215 ,Left,105 ,Right,195 ,s,74
2019-07-05 16:36:44.906595 ,Left,135 ,Right,225 ,s,60
2019-07-05 16:36:47.046846 ,Left,105 ,Right,135 ,s,92
2019-07-05 16:36:47.609370 ,Left,90 ,Right,120 ,s,203
2019-07-05 16:36:48.173575 ,Left,135 ,Right,345 ,s,187
2019-07-05 16:36:48.736316 ,Left,60 ,Right,270 ,s,124
2019-07-05 16:36:49.274065 ,Left,165 ,Right,105 ,s,163
2019-07-05 16:36:49.807950 ,Left,135 ,Right,480 ,s,97
2019-07-05 16:36:50.343860 ,Left,150 ,Right,150 ,s,134
2019-07-05 16:36:50.876623 ,Left,120 ,Right,345 ,s,123
2019-07-05 16:36:51.411154 ,Left,105 ,Right,375 ,s,110
2019-07-05 16:36:51.944561 ,Left,135 ,Right,75 ,s,97
2019-07-05 16:36:52.768603 ,Left,225 ,Right,105 ,s,75
2019-07-05 16:36:53.815749 ,Left,165 ,Right,60 ,s,54
2019-07-05 16:36:54.556649 ,Left,90 ,Right,180 ,s,109
2019-07-05 16:36:55.380102 ,Left,345 ,Right,1140 ,s,69
2019-07-05 16:36:55.964711 ,Left,135 ,Right,90 ,s,88
2019-07-05 16:36:56.604243 ,Left,120 ,Right,240 ,s,76
2019-07-05 16:36:57.174608 ,Left,225 ,Right,255 ,s,75
2019-07-05 16:36:57.717007 ,Left,165 ,Right,75 ,s,70
2019-07-05 16:36:58.632731 ,Left,120 ,Right,90 ,s,113
2019-07-05 16:36:59.538360 ,Left,135 ,Right,525 ,s,116
2019-07-05 16:37:00.113528 ,Left,195 ,Right,105 ,s,99
2019-07-05 16:37:01.027253 ,Left,195 ,Right,255 ,s,400
2019-07-05 16:37:01.776032 ,Left,225 ,Right,90 ,s,55
2019-07-05 16:37:02.382847 ,Left,105 ,Right,195 ,s,67
2019-07-05 16:37:03.243022 ,Left,225 ,Right,375 ,s,112
2019-07-05 16:37:03.936434 ,Left,75 ,Right,255 ,s,93
2019-07-05 16:37:04.550438 ,Left,195 ,Right,315 ,s,72
2019-07-05 16:37:05.163798 ,Left,105 ,Right,390 ,s,306
2019-07-05 16:37:05.748825 ,Left,105 ,Right,90 ,s,181
2019-07-05 16:37:06.600811 ,Left,240 ,Right,90 ,s,270
2019-07-05 16:37:07.393536 ,Left,165 ,Right,240 ,s,197
2019-07-05 16:37:07.930902 ,Left,105 ,Right,75 ,s,183
2019-07-05 16:37:08.775102 ,Left,195 ,Right,75 ,s,162
2019-07-05 16:37:09.642662 ,Left,120 ,Right,75 ,s,142
2019-07-05 16:37:10.499213 ,Left,165 ,Right,105 ,s,118
2019-07-05 16:37:11.218534 ,Left,165 ,Right,60 ,s,101
2019-07-05 16:37:12.046600 ,Left,135 ,Right,150 ,s,91
2019-07-05 16:37:13.131709 ,Left,225 ,Right,195 ,s,58
2019-07-05 16:37:13.663771 ,Left,285 ,Right,90 ,s,84
2019-07-05 16:37:14.226830 ,Left,300 ,Right,1725 ,s,133
2019-07-05 16:37:14.796665 ,Left,120 ,Right,90 ,s,190
2019-07-05 16:37:15.330169 ,Left,120 ,Right,300 ,s,147
2019-07-05 16:37:15.996627 ,Left,120 ,Right,135 ,s,164
2019-07-05 16:37:16.904675 ,Left,150 ,Right,435 ,s,208
2019-07-05 16:37:17.727527 ,Left,120 ,Right,315 ,s,124
2019-07-05 16:37:18.395337 ,Left,150 ,Right,300 ,s,105
2019-07-05 16:37:19.396759 ,Left,255 ,Right,315 ,s,84
2019-07-05 16:37:19.952929 ,Left,225 ,Right,390 ,s,104
2019-07-05 16:37:20.723017 ,Left,135 ,Right,210 ,s,88
2019-07-05 16:37:21.310158 ,Left,135 ,Right,615 ,s,72
2019-07-05 16:37:21.846039 ,Left,495 ,Right,120 ,s,104
2019-07-05 16:37:23.039859 ,Left,0 ,Right,75 ,s,104
2019-07-05 16:37:23.605943 ,Left,0 ,Right,285 ,s,104
2019-07-05 16:37:24.255758 ,Left,0 ,Right,75 ,s,61
2019-07-05 16:37:24.898300 ,Left,75 ,Right,360 ,s,217
2019-07-05 16:37:25.651835 ,Left,135 ,Right,285 ,s,400
2019-07-05 16:37:26.426130 ,Left,165 ,Right,285 ,s,400
2019-07-05 16:37:27.367719 ,Left,135 ,Right,375 ,s,166
2019-07-05 16:37:28.586675 ,Left,135 ,Right,315 ,s,136
2019-07-05 16:37:29.225498 ,Left,165 ,Right,75 ,s,121
2019-07-05 16:37:29.760706 ,Left,105 ,Right,360 ,s,109
2019-07-05 16:37:30.343791 ,Left,75 ,Right,375 ,s,98
2019-07-05 16:37:30.963902 ,Left,120 ,Right,435 ,s,82
2019-07-05 16:37:32.147258 ,Left,105 ,Right,150 ,s,49
2019-07-05 16:37:32.689934 ,Left,255 ,Right,225 ,s,38
2019-07-05 16:37:33.413105 ,Left,240 ,Right,180 ,s,315
2019-07-05 16:37:34.204704 ,Left,135 ,Right,345 ,s,299
2019-07-05 16:37:35.172028 ,Left,165 ,Right,345 ,s,156
2019-07-05 16:37:35.901980 ,Left,150 ,Right,315 ,s,260
2019-07-05 16:37:36.474428 ,Left,165 ,Right,120 ,s,247
2019-07-05 16:37:37.363475 ,Left,135 ,Right,105 ,s,225
2019-07-05 16:37:38.085755 ,Left,90 ,Right,75 ,s,208
2019-07-05 16:37:39.203124 ,Left,150 ,Right,255 ,s,179
2019-07-05 16:37:39.741882 ,Left,135 ,Right,75 ,s,165
2019-07-05 16:37:40.476533 ,Left,105 ,Right,105 ,s,146
2019-07-05 16:37:41.194904 ,Left,135 ,Right,105 ,s,128
2019-07-05 16:37:42.262195 ,Left,375 ,Right,480 ,s,102
2019-07-05 16:37:42.809372 ,Left,330 ,Right,120 ,s,93
2019-07-05 16:37:43.627203 ,Left,75 ,Right,135 ,s,400
2019-07-05 16:37:44.476710 ,Left,180 ,Right,75 ,s,400
2019-07-05 16:37:45.229534 ,Left,270 ,Right,360 ,s,400
2019-07-05 16:37:45.983073 ,Left,135 ,Right,345 ,s,400
2019-07-05 16:37:46.536159 ,Left,120 ,Right,120 ,s,120
2019-07-05 16:37:47.066531 ,Left,150 ,Right,300 ,s,14
2019-07-05 16:37:47.938666 ,Left,135 ,Right,285 ,s,400
2019-07-05 16:37:49.384343 ,Left,165 ,Right,375 ,s,400
2019-07-05 16:37:50.126544 ,Left,165 ,Right,495 ,s,400
2019-07-05 16:37:50.869503 ,Left,105 ,Right,270 ,s,400
2019-07-05 16:37:51.616659 ,Left,135 ,Right,345 ,s,400
2019-07-05 16:37:52.387140 ,Left,105 ,Right,405 ,s,400
2019-07-05 16:37:53.130715 ,Left,135 ,Right,210 ,s,400
2019-07-05 16:37:55.346684 ,Left,180 ,Right,105 ,s,57
2019-07-05 16:37:56.114733 ,Left,150 ,Right,495 ,s,400
2019-07-05 16:37:56.646659 ,Left,105 ,Right,405 ,s,28
2019-07-05 16:37:57.228672 ,Left,255 ,Right,105 ,s,180
2019-07-05 16:37:57.974258 ,Left,150 ,Right,60 ,s,400
2019-07-05 16:37:58.721923 ,Left,135 ,Right,135 ,s,400
2019-07-05 16:37:59.491518 ,Left,195 ,Right,135 ,s,400
2019-07-05 16:38:00.036653 ,Left,165 ,Right,210 ,s,159
2019-07-05 16:38:00.587171 ,Left,135 ,Right,375 ,s,146
2019-07-05 16:38:01.328043 ,Left,165 ,Right,405 ,s,400
2019-07-05 16:38:01.878941 ,Left,195 ,Right,180 ,s,116
2019-07-05 16:38:02.412996 ,Left,150 ,Right,105 ,s,103
2019-07-05 16:38:03.432568 ,Left,150 ,Right,315 ,s,79
2019-07-05 16:38:04.398418 ,Left,180 ,Right,720 ,s,56
2019-07-05 16:38:05.413971 ,Left,360 ,Right,735 ,s,400
2019-07-05 16:38:06.183620 ,Left,60 ,Right,195 ,s,400
2019-07-05 16:38:06.930883 ,Left,90 ,Right,390 ,s,400
2019-07-05 16:38:07.713660 ,Left,135 ,Right,330 ,s,400
2019-07-05 16:38:08.486888 ,Left,225 ,Right,525 ,s,400
2019-07-05 16:38:09.376618 ,Left,90 ,Right,480 ,s,400
2019-07-05 16:38:10.149886 ,Left,60 ,Right,525 ,s,400
2019-07-05 16:38:10.897539 ,Left,90 ,Right,315 ,s,400
2019-07-05 16:38:11.649468 ,Left,120 ,Right,390 ,s,400
2019-07-05 16:38:12.470828 ,Left,135 ,Right,345 ,s,400
2019-07-05 16:38:13.232136 ,Left,120 ,Right,105 ,s,400
2019-07-05 16:38:13.978587 ,Left,105 ,Right,75 ,s,400
2019-07-05 16:38:14.526919 ,Left,120 ,Right,345 ,s,275
2019-07-05 16:38:15.067812 ,Left,105 ,Right,465 ,s,263
2019-07-05 16:38:15.609924 ,Left,90 ,Right,105 ,s,257
2019-07-05 16:38:16.152055 ,Left,135 ,Right,240 ,s,244
2019-07-05 16:38:17.407242 ,Left,105 ,Right,90 ,s,213
2019-07-05 16:38:18.176762 ,Left,135 ,Right,105 ,s,215
2019-07-05 16:38:19.128514 ,Left,75 ,Right,60 ,s,158
2019-07-05 16:38:19.704246 ,Left,120 ,Right,315 ,s,143
2019-07-05 16:38:20.305606 ,Left,60 ,Right,195 ,s,129
2019-07-05 16:38:20.839820 ,Left,180 ,Right,150 ,s,117
2019-07-05 16:38:21.530354 ,Left,225 ,Right,165 ,s,102
2019-07-05 16:38:22.725526 ,Left,120 ,Right,270 ,s,84
2019-07-05 16:38:23.284289 ,Left,105 ,Right,105 ,s,75
2019-07-05 16:38:24.290131 ,Left,90 ,Right,90 ,s,256
2019-07-05 16:38:25.247665 ,Left,120 ,Right,60 ,s,400
2019-07-05 16:38:26.253798 ,Left,90 ,Right,60 ,s,400
2019-07-05 16:38:27.003416 ,Left,90 ,Right,135 ,s,400
2019-07-05 16:38:27.768665 ,Left,165 ,Right,105 ,s,400
2019-07-05 16:38:28.547403 ,Left,105 ,Right,495 ,s,400
2019-07-05 16:38:29.082594 ,Left,105 ,Right,165 ,s,63
2019-07-05 16:38:29.610622 ,Left,120 ,Right,60 ,s,53
2019-07-05 16:38:30.358834 ,Left,150 ,Right,75 ,s,400
2019-07-05 16:38:30.905198 ,Left,120 ,Right,300 ,s,319
2019-07-05 16:38:31.450654 ,Left,75 ,Right,165 ,s,305
2019-07-05 16:38:32.446505 ,Left,120 ,Right,375 ,s,283
2019-07-05 16:38:33.536993 ,Left,90 ,Right,285 ,s,257
2019-07-05 16:38:34.580684 ,Left,120 ,Right,150 ,s,237
2019-07-05 16:38:35.326884 ,Left,135 ,Right,315 ,s,217
2019-07-05 16:38:35.868377 ,Left,60 ,Right,90 ,s,204
2019-07-05 16:38:36.595775 ,Left,105 ,Right,345 ,s,188
2019-07-05 16:38:37.501379 ,Left,135 ,Right,300 ,s,166
2019-07-05 16:38:38.036822 ,Left,165 ,Right,105 ,s,157
2019-07-05 16:38:38.584268 ,Left,135 ,Right,360 ,s,138
2019-07-05 16:38:39.126541 ,Left,60 ,Right,165 ,s,125
2019-07-05 16:38:39.846879 ,Left,165 ,Right,120 ,s,109
2019-07-05 16:38:40.419774 ,Left,165 ,Right,390 ,s,96
2019-07-05 16:38:41.695824 ,Left,240 ,Right,195 ,s,68
2019-07-05 16:38:42.744363 ,Left,210 ,Right,645 ,s,400
2019-07-05 16:38:43.430529 ,Left,210 ,Right,60 ,s,158
2019-07-05 16:38:44.240453 ,Left,150 ,Right,120 ,s,400
2019-07-05 16:38:44.772936 ,Left,225 ,Right,405 ,s,129
2019-07-05 16:38:45.552904 ,Left,60 ,Right,315 ,s,400
2019-07-05 16:38:46.314139 ,Left,195 ,Right,315 ,s,400
2019-07-05 16:38:47.093444 ,Left,180 ,Right,135 ,s,400
2019-07-05 16:38:47.844203 ,Left,60 ,Right,60 ,s,400
2019-07-05 16:38:48.596682 ,Left,120 ,Right,105 ,s,400
2019-07-05 16:38:49.566266 ,Left,90 ,Right,90 ,s,292
2019-07-05 16:38:50.276718 ,Left,75 ,Right,60 ,s,113
2019-07-05 16:38:50.843841 ,Left,105 ,Right,315 ,s,257
2019-07-05 16:38:51.448180 ,Left,90 ,Right,405 ,s,242
2019-07-05 16:38:52.193903 ,Left,165 ,Right,90 ,s,224
2019-07-05 16:38:53.196308 ,Left,105 ,Right,195 ,s,200
2019-07-05 16:38:54.375394 ,Left,150 ,Right,105 ,s,174
2019-07-05 16:38:55.027840 ,Left,180 ,Right,255 ,s,159
2019-07-05 16:38:56.116594 ,Left,105 ,Right,75 ,s,400
2019-07-05 16:38:56.870246 ,Left,165 ,Right,180 ,s,400
2019-07-05 16:38:57.620642 ,Left,165 ,Right,195 ,s,400
2019-07-05 16:38:58.152112 ,Left,75 ,Right,195 ,s,99
2019-07-05 16:38:59.061810 ,Left,105 ,Right,225 ,s,400
2019-07-05 16:38:59.621609 ,Left,105 ,Right,255 ,s,71
2019-07-05 16:39:00.529086 ,Left,105 ,Right,225 ,s,400
2019-07-05 16:39:01.066519 ,Left,90 ,Right,90 ,s,65
2019-07-05 16:39:03.498433 ,Left,90 ,Right,105 ,s,400
2019-07-05 16:39:04.429257 ,Left,135 ,Right,225 ,s,400
2019-07-05 16:39:05.490157 ,Left,135 ,Right,195 ,s,400
2019-07-05 16:39:06.376557 ,Left,120 ,Right,165 ,s,400
2019-07-05 16:39:07.466746 ,Left,195 ,Right,75 ,s,400
2019-07-05 16:39:08.375230 ,Left,135 ,Right,105 ,s,400
2019-07-05 16:39:09.714941 ,Left,195 ,Right,210 ,s,400
2019-07-05 16:39:10.465403 ,Left,120 ,Right,165 ,s,400
2019-07-05 16:39:11.354027 ,Left,150 ,Right,165 ,s,400
2019-07-05 16:39:12.503813 ,Left,150 ,Right,120 ,s,400
2019-07-05 16:39:13.802039 ,Left,165 ,Right,120 ,s,400
2019-07-05 16:39:14.726957 ,Left,150 ,Right,150 ,s,220
2019-07-05 16:39:15.535232 ,Left,120 ,Right,120 ,s,206
2019-07-05 16:39:18.315141 ,Left,150 ,Right,90 ,s,132
2019-07-05 16:39:18.934381 ,Left,120 ,Right,90 ,s,119
2019-07-05 16:39:19.787563 ,Left,150 ,Right,195 ,s,101
2019-07-05 16:39:20.370069 ,Left,120 ,Right,105 ,s,44
2019-07-05 16:39:21.110604 ,Left,90 ,Right,60 ,s,73
2019-07-05 16:39:21.993540 ,Left,165 ,Right,60 ,s,54
2019-07-05 16:39:22.915809 ,Left,375 ,Right,180 ,s,180
2019-07-05 16:39:23.864499 ,Left,90 ,Right,120 ,s,163
2019-07-05 16:39:24.646169 ,Left,75 ,Right,120 ,s,147
2019-07-05 16:39:25.508803 ,Left,135 ,Right,255 ,s,129
2019-07-05 16:39:26.372895 ,Left,135 ,Right,195 ,s,110
2019-07-05 16:39:27.085385 ,Left,150 ,Right,135 ,s,93
2019-07-05 16:39:27.836704 ,Left,150 ,Right,285 ,s,77
2019-07-05 16:39:29.539758 ,Left,105 ,Right,105 ,s,93
2019-07-05 16:39:30.775190 ,Left,120 ,Right,75 ,s,87
2019-07-05 16:39:31.367733 ,Left,225 ,Right,135 ,s,67
2019-07-05 16:39:32.256586 ,Left,240 ,Right,465 ,s,59
2019-07-05 16:39:33.160174 ,Left,435 ,Right,105 ,s,400
2019-07-05 16:39:34.869804 ,Left,135 ,Right,105 ,s,400
2019-07-05 16:39:36.012782 ,Left,105 ,Right,105 ,s,400
2019-07-05 16:39:36.764827 ,Left,105 ,Right,60 ,s,400
2019-07-05 16:39:37.936489 ,Left,105 ,Right,180 ,s,400
2019-07-05 16:39:38.525806 ,Left,195 ,Right,75 ,s,400
2019-07-05 16:39:39.207852 ,Left,180 ,Right,105 ,s,400
2019-07-05 16:39:40.954924 ,Left,150 ,Right,120 ,s,361
2019-07-05 16:39:42.107489 ,Left,120 ,Right,90 ,s,337
2019-07-05 16:39:42.984904 ,Left,150 ,Right,165 ,s,317
2019-07-05 16:39:44.619743 ,Left,150 ,Right,255 ,s,277
2019-07-05 16:39:45.159719 ,Left,150 ,Right,120 ,s,265
2019-07-05 16:39:45.695032 ,Left,90 ,Right,105 ,s,178
2019-07-05 16:39:46.393171 ,Left,210 ,Right,180 ,s,162
2019-07-05 16:39:47.393275 ,Left,180 ,Right,165 ,s,192
2019-07-05 16:39:48.456553 ,Left,255 ,Right,90 ,s,237
2019-07-05 16:39:49.279036 ,Left,180 ,Right,120 ,s,154
2019-07-05 16:39:50.066056 ,Left,150 ,Right,180 ,s,137
2019-07-05 16:39:50.696859 ,Left,90 ,Right,60 ,s,121
2019-07-05 16:39:51.402865 ,Left,120 ,Right,60 ,s,104
2019-07-05 16:39:52.507261 ,Left,210 ,Right,105 ,s,27
2019-07-05 16:39:53.299068 ,Left,90 ,Right,90 ,s,8
2019-07-05 16:39:53.825350 ,Left,90 ,Right,180 ,s,7
2019-07-05 16:39:54.529527 ,Left,150 ,Right,180 ,s,5
2019-07-05 16:39:56.292896 ,Left,210 ,Right,225 ,s,400
2019-07-05 16:39:57.375725 ,Left,210 ,Right,75 ,s,190
2019-07-05 16:39:58.191966 ,Left,195 ,Right,60 ,s,179
2019-07-05 16:39:59.119534 ,Left,165 ,Right,345 ,s,155
2019-07-05 16:39:59.746048 ,Left,120 ,Right,165 ,s,140
2019-07-05 16:40:00.354671 ,Left,120 ,Right,195 ,s,127
2019-07-05 16:40:00.979382 ,Left,120 ,Right,150 ,s,113
2019-07-05 16:40:01.616342 ,Left,150 ,Right,165 ,s,102
2019-07-05 16:40:03.213740 ,Left,90 ,Right,90 ,s,74
2019-07-05 16:40:03.982795 ,Left,135 ,Right,75 ,s,127
2019-07-05 16:40:04.700198 ,Left,210 ,Right,195 ,s,9
2019-07-05 16:40:05.461282 ,Left,165 ,Right,165 ,s,74
2019-07-05 16:40:05.993174 ,Left,120 ,Right,255 ,s,73
2019-07-05 16:40:06.723813 ,Left,210 ,Right,255 ,s,3
2019-07-05 16:40:07.995872 ,Left,180 ,Right,270 ,s,95
2019-07-05 16:40:09.120172 ,Left,165 ,Right,225 ,s,121
2019-07-05 16:40:09.654472 ,Left,165 ,Right,225 ,s,115
2019-07-05 16:40:10.187019 ,Left,105 ,Right,165 ,s,110
2019-07-05 16:40:11.048071 ,Left,195 ,Right,120 ,s,90
2019-07-05 16:40:11.846622 ,Left,165 ,Right,180 ,s,69
2019-07-05 16:40:13.194053 ,Left,135 ,Right,255 ,s,42
2019-07-05 16:40:13.989791 ,Left,285 ,Right,525 ,s,110
2019-07-05 16:40:14.643884 ,Left,330 ,Right,195 ,s,92
2019-07-05 16:40:15.333840 ,Left,180 ,Right,195 ,s,78
2019-07-05 16:40:16.535350 ,Left,255 ,Right,480 ,s,52
2019-07-05 16:40:17.071738 ,Left,195 ,Right,195 ,s,44
2019-07-05 16:40:17.944017 ,Left,285 ,Right,375 ,s,123
2019-07-05 16:40:19.072933 ,Left,240 ,Right,225 ,s,99
2019-07-05 16:40:20.022338 ,Left,195 ,Right,60 ,s,76
2019-07-05 16:40:21.149677 ,Left,210 ,Right,105 ,s,51
2019-07-05 16:40:21.677101 ,Left,285 ,Right,165 ,s,43
2019-07-05 16:40:22.233043 ,Left,240 ,Right,330 ,s,335
2019-07-05 16:40:23.698931 ,Left,285 ,Right,150 ,s,88
2019-07-05 16:40:24.720033 ,Left,210 ,Right,120 ,s,63
2019-07-05 16:40:25.545516 ,Left,345 ,Right,135 ,s,45
2019-07-05 16:40:26.442432 ,Left,255 ,Right,735 ,s,28
2019-07-05 16:40:27.301645 ,Left,255 ,Right,120 ,s,213
2019-07-05 16:40:28.255225 ,Left,135 ,Right,75 ,s,96
2019-07-05 16:40:29.276633 ,Left,60 ,Right,135 ,s,70
2019-07-05 16:40:30.380045 ,Left,225 ,Right,300 ,s,46
2019-07-05 16:40:31.214295 ,Left,300 ,Right,270 ,s,139
2019-07-05 16:40:31.974640 ,Left,270 ,Right,480 ,s,174
2019-07-05 16:40:32.900089 ,Left,90 ,Right,105 ,s,98
2019-07-05 16:40:33.964494 ,Left,255 ,Right,120 ,s,75
2019-07-05 16:40:34.665731 ,Left,210 ,Right,165 ,s,59
2019-07-05 16:40:35.439931 ,Left,315 ,Right,150 ,s,83
2019-07-05 16:40:36.165086 ,Left,225 ,Right,450 ,s,135
2019-07-05 16:40:37.276045 ,Left,435 ,Right,120 ,s,98
2019-07-05 16:40:38.197141 ,Left,150 ,Right,120 ,s,80
2019-07-05 16:40:39.206881 ,Left,315 ,Right,105 ,s,61
2019-07-05 16:40:39.906648 ,Left,120 ,Right,240 ,s,50
2019-07-05 16:40:40.814873 ,Left,255 ,Right,255 ,s,115
2019-07-05 16:40:41.345457 ,Left,300 ,Right,285 ,s,97
2019-07-05 16:40:42.437647 ,Left,150 ,Right,240 ,s,73
2019-07-05 16:40:43.235176 ,Left,165 ,Right,285 ,s,53
2019-07-05 16:40:43.762695 ,Left,315 ,Right,165 ,s,43
2019-07-05 16:40:44.882382 ,Left,255 ,Right,300 ,s,106
2019-07-05 16:40:45.846990 ,Left,255 ,Right,270 ,s,84
2019-07-05 16:40:47.567180 ,Left,180 ,Right,360 ,s,45
2019-07-05 16:40:48.094707 ,Left,285 ,Right,150 ,s,34
2019-07-05 16:40:48.762530 ,Left,300 ,Right,180 ,s,122
2019-07-05 16:40:50.664063 ,Left,315 ,Right,165 ,s,80
2019-07-05 16:40:51.201868 ,Left,60 ,Right,225 ,s,69
2019-07-05 16:40:51.731130 ,Left,285 ,Right,150 ,s,57
2019-07-05 16:40:52.258713 ,Left,195 ,Right,315 ,s,47
2019-07-05 16:40:53.174348 ,Left,375 ,Right,225 ,s,131
2019-07-05 16:40:53.725211 ,Left,195 ,Right,510 ,s,113
2019-07-05 16:40:54.466364 ,Left,195 ,Right,90 ,s,100
2019-07-05 16:40:55.556679 ,Left,150 ,Right,60 ,s,75
2019-07-05 16:40:56.808731 ,Left,60 ,Right,240 ,s,46
2019-07-05 16:40:58.058964 ,Left,195 ,Right,90 ,s,20
2019-07-05 16:40:59.489268 ,Left,165 ,Right,15 ,s,103
2019-07-05 16:41:00.126756 ,Left,150 ,Right,165 ,s,102
2019-07-05 16:41:00.696519 ,Left,105 ,Right,225 ,s,142
2019-07-05 16:41:01.573611 ,Left,60 ,Right,255 ,s,66
2019-07-05 16:41:02.469883 ,Left,165 ,Right,600 ,s,85
2019-07-05 16:41:04.058713 ,Left,165 ,Right,120 ,s,72
2019-07-05 16:41:04.585820 ,Left,195 ,Right,375 ,s,60
2019-07-05 16:41:05.114216 ,Left,135 ,Right,120 ,s,46
2019-07-05 16:41:05.641094 ,Left,270 ,Right,600 ,s,35
2019-07-05 16:41:06.565650 ,Left,315 ,Right,120 ,s,121
2019-07-05 16:41:08.768850 ,Left,255 ,Right,420 ,s,67
2019-07-05 16:41:09.296586 ,Left,225 ,Right,105 ,s,55
2019-07-05 16:41:09.824474 ,Left,315 ,Right,345 ,s,45
2019-07-05 16:41:10.359632 ,Left,225 ,Right,195 ,s,124
2019-07-05 16:41:10.891741 ,Left,225 ,Right,75 ,s,113
2019-07-05 16:41:12.286819 ,Left,180 ,Right,150 ,s,80
2019-07-05 16:41:12.817251 ,Left,240 ,Right,90 ,s,68
2019-07-05 16:41:14.404928 ,Left,135 ,Right,255 ,s,38
2019-07-05 16:41:15.436828 ,Left,285 ,Right,210 ,s,97
2019-07-05 16:41:17.211814 ,Left,195 ,Right,210 ,s,64
2019-07-05 16:41:17.742276 ,Left,120 ,Right,240 ,s,52
2019-07-05 16:41:18.282626 ,Left,165 ,Right,255 ,s,41
2019-07-05 16:41:18.816769 ,Left,180 ,Right,165 ,s,29
2019-07-05 16:41:19.679498 ,Left,225 ,Right,150 ,s,210
2019-07-05 16:41:20.552353 ,Left,165 ,Right,105 ,s,96
2019-07-05 16:41:21.784576 ,Left,225 ,Right,495 ,s,64
2019-07-05 16:41:22.696692 ,Left,300 ,Right,135 ,s,45
2019-07-05 16:41:23.230524 ,Left,135 ,Right,240 ,s,133
2019-07-05 16:41:23.857336 ,Left,285 ,Right,330 ,s,120
2019-07-05 16:41:24.750668 ,Left,225 ,Right,150 ,s,94
2019-07-05 16:41:25.933564 ,Left,165 ,Right,225 ,s,67
2019-07-05 16:41:26.558357 ,Left,300 ,Right,180 ,s,52
2019-07-05 16:41:27.288675 ,Left,315 ,Right,135 ,s,38
2019-07-05 16:41:28.014774 ,Left,255 ,Right,135 ,s,211
2019-07-05 16:41:28.606374 ,Left,195 ,Right,240 ,s,93
2019-07-05 16:41:29.295682 ,Left,90 ,Right,210 ,s,86
2019-07-05 16:41:30.660632 ,Left,195 ,Right,180 ,s,53
2019-07-05 16:41:31.361168 ,Left,375 ,Right,345 ,s,39
2019-07-05 16:41:32.065751 ,Left,300 ,Right,180 ,s,116
2019-07-05 16:41:33.210767 ,Left,90 ,Right,120 ,s,91
2019-07-05 16:41:34.114084 ,Left,90 ,Right,180 ,s,72
2019-07-05 16:41:35.120710 ,Left,255 ,Right,375 ,s,50
2019-07-05 16:41:35.656656 ,Left,285 ,Right,105 ,s,43
2019-07-05 16:41:36.374902 ,Left,300 ,Right,135 ,s,99
2019-07-05 16:41:37.381282 ,Left,105 ,Right,180 ,s,77
2019-07-05 16:41:37.916654 ,Left,225 ,Right,270 ,s,63
2019-07-05 16:41:38.909893 ,Left,225 ,Right,480 ,s,40
2019-07-05 16:41:39.442975 ,Left,180 ,Right,75 ,s,122
2019-07-05 16:41:40.582586 ,Left,165 ,Right,210 ,s,92
2019-07-05 16:41:41.577272 ,Left,135 ,Right,135 ,s,69
2019-07-05 16:41:42.302400 ,Left,270 ,Right,435 ,s,51
2019-07-05 16:41:43.496747 ,Left,285 ,Right,495 ,s,262
2019-07-05 16:41:44.418791 ,Left,120 ,Right,75 ,s,99
2019-07-05 16:41:45.146859 ,Left,180 ,Right,60 ,s,83
2019-07-05 16:41:45.996748 ,Left,255 ,Right,150 ,s,65
2019-07-05 16:41:46.891372 ,Left,195 ,Right,165 ,s,52
2019-07-05 16:41:47.433333 ,Left,165 ,Right,105 ,s,42
2019-07-05 16:41:48.399442 ,Left,285 ,Right,105 ,s,92
2019-07-05 16:41:49.163443 ,Left,105 ,Right,225 ,s,76
2019-07-05 16:41:49.775689 ,Left,150 ,Right,180 ,s,60
2019-07-05 16:41:50.489996 ,Left,405 ,Right,165 ,s,44
2019-07-05 16:41:51.025317 ,Left,210 ,Right,225 ,s,36
2019-07-05 16:41:51.653315 ,Left,285 ,Right,165 ,s,116
2019-07-05 16:41:52.434299 ,Left,90 ,Right,165 ,s,98
2019-07-05 16:41:53.211905 ,Left,285 ,Right,210 ,s,80
2019-07-05 16:41:54.068790 ,Left,225 ,Right,135 ,s,62
2019-07-05 16:41:55.366673 ,Left,285 ,Right,285 ,s,36
2019-07-05 16:41:56.355149 ,Left,195 ,Right,195 ,s,105
2019-07-05 16:41:56.967960 ,Left,180 ,Right,105 ,s,91
2019-07-05 16:41:57.876691 ,Left,195 ,Right,360 ,s,71
2019-07-05 16:41:58.489819 ,Left,90 ,Right,150 ,s,58
2019-07-05 16:41:59.474216 ,Left,255 ,Right,525 ,s,34
2019-07-05 16:42:00.436103 ,Left,315 ,Right,270 ,s,196
2019-07-05 16:42:01.200986 ,Left,210 ,Right,90 ,s,102
2019-07-05 16:42:02.064719 ,Left,150 ,Right,75 ,s,81
2019-07-05 16:42:02.652604 ,Left,135 ,Right,120 ,s,70
2019-07-05 16:42:03.544083 ,Left,165 ,Right,60 ,s,52
2019-07-05 16:42:04.626713 ,Left,240 ,Right,540 ,s,131
2019-07-05 16:42:05.652119 ,Left,300 ,Right,195 ,s,104
2019-07-05 16:42:06.705047 ,Left,120 ,Right,105 ,s,84
2019-07-05 16:42:07.444199 ,Left,150 ,Right,165 ,s,67
2019-07-05 16:42:08.242317 ,Left,255 ,Right,120 ,s,48
2019-07-05 16:42:09.355574 ,Left,285 ,Right,270 ,s,121
2019-07-05 16:42:10.117805 ,Left,210 ,Right,135 ,s,105
2019-07-05 16:42:10.952551 ,Left,210 ,Right,660 ,s,90
2019-07-05 16:42:11.853660 ,Left,225 ,Right,210 ,s,108
2019-07-05 16:42:12.661407 ,Left,180 ,Right,555 ,s,89
2019-07-05 16:42:13.975276 ,Left,195 ,Right,450 ,s,50
2019-07-05 16:42:14.573050 ,Left,225 ,Right,195 ,s,37
2019-07-05 16:42:15.102374 ,Left,270 ,Right,465 ,s,27
